arm,model_id,n,beta,se,p,ame_pp
A,deepseek_frontier,340,-0.03844370012817689,0.022571414781302996,0.08853009574825012,-0.9121276380074629
A,nonreasoning_anchor,544,-0.05022823746349584,0.012553754705424832,6.306123980585764e-05,-1.0063445845005758
A,nvidia_frontier,340,-0.032767025376876154,0.02007868203583116,0.10269400455790162,-0.7737292625337211
A,qwen_frontier,340,-0.03143360811307821,0.0189701227308054,0.0975182521586774,-0.729161571223149
A,xai_frontier,340,-0.028906467939838264,0.018845775624302508,0.12506819119220675,-0.6361364929912605
B,deepseek_frontier,340,-0.14787535669002705,0.040417612314982684,0.00025351161153414536,-2.8682709658578216
B,nonreasoning_anchor,544,-0.18192295703392447,0.038813513517096415,2.7709878085897938e-06,-3.565407511402023
B,nvidia_frontier,340,-0.09383726247707087,0.0319617236756875,0.00332553411075577,-2.1374484412911685
B,qwen_frontier,340,-0.10968511270417726,0.03548583511071803,0.0019951399604336206,-2.4331749076948066
B,xai_frontier,340,-0.13112690235132116,0.034327986176441345,0.00013354634987979802,-2.598682377704758
C,deepseek_frontier,340,-0.04197803013075293,0.02349136140401179,0.07394459401193874,-0.9819700331570456
C,nonreasoning_anchor,340,-0.03247636945098948,0.017110066808203192,0.05768482195630111,-0.6809453002311464
C,nvidia_frontier,340,-0.03161724604873885,0.017936548993288524,0.07794648022027893,-0.7518413228390154
C,qwen_frontier,340,-0.02641717395983993,0.01735759253170267,0.12802469883954665,-0.6121150524931989
C,xai_frontier,340,-0.02229892537084733,0.018557147570828485,0.22950482132915506,-0.49397890826645924
E,deepseek_frontier,96,-0.083380536153874,0.04321695997088948,0.05368772948178494,-1.7853548219406712
E,nonreasoning_anchor,96,-0.054745452945091685,0.05213652503817504,0.2936995797664317,-0.9115438986017764
E,nvidia_frontier,96,-0.09644784562175038,0.06441100717171261,0.13429403905681858,-1.8541723729103492
E,qwen_frontier,96,-0.04955539736642446,0.04777205199458335,0.29958194597473387,-1.1517900497849343
E,xai_frontier,96,7.282649413881988e-18,8.447104374355745e-12,0.9999993121058683,1.820662353470497e-16
F,deepseek_frontier,120,-0.08336871589170063,0.04987356637394667,0.09460297813465378,-1.6472123039033202
F,nonreasoning_anchor,120,-0.019359130257387395,0.01715658437598554,0.2591598745916116,-0.26511837990905956
F,nvidia_frontier,120,-0.05483801744483163,0.03511954458569442,0.11841355371198263,-1.1055632949116652
F,qwen_frontier,120,-0.08703861583490753,0.04945683298827728,0.07842635621799639,-1.8938754479945652
F,xai_frontier,120,-0.00800423322874355,0.007269993372529316,0.27089842167864187,-0.19995879517529397
